,Country,Index Year,Current health expenditure (% of GDP),GDP growth (annual %),Political Stability and Absence of Violence/Terrorism: Estimate,Overall Score,Property Rights,Government Integrity,Judicial Effectiveness,Tax Burden,Government Spending,Fiscal Health,Business Freedom,Labor Freedom,Monetary Freedom,Trade Freedom,Investment Freedom,Financial Freedom,CPI Rank,CPI Score
0,Argentina,2014,9.67129993,-2.51261532081394,-0.0051218713633716,44.6,15.0,29.5,,63.5,49.9,,53.9,44.9,60.0,68.9,30,30,107.0,34.0
1,Argentina,2015,10.22933674,2.73115982828944,0.0087641347199678,44.1,15.0,34.0,,66.8,41.2,,52.8,43.3,59.6,68.8,30,30,107.0,32.0
2,Argentina,2016,9.85558891,-2.08032784377811,0.197749897837639,43.8,15.0,34.0,,66.1,51.3,,56.0,43.9,44.0,67.4,30,30,95.0,36.0
3,Argentina,2017,10.23174763,2.81850297775918,0.162542164325714,50.4,32.4,38.2,39.6,62.6,54.6,56.4,57.3,46.1,50.9,66.7,50,50,85.0,39.0
4,Argentina,2018,10.29146862,-2.61739646282038,0.0069098123349249,52.3,40.8,32.6,44.5,65.7,55.6,52.6,56.2,43.3,51.3,70.3,55,60,85.0,40.0
5,Argentina,2019,10.04194355,-2.00086100285785,-0.0978230908513069,52.2,47.8,33.5,44.5,69.3,49.5,33.0,56.4,46.9,60.2,70.0,55,60,66.0,45.0
6,Argentina,2020,10.34701538,-9.9004848136464,-0.0719974040985107,53.1,50.5,49.7,47.0,69.6,50.7,24.7,60.2,46.5,53.7,69.2,55,60,78.0,42.0
7,Argentina,2021,9.70880699,10.4418119882506,0.0005300586344674,52.7,46.1,54.0,45.7,70.4,52.8,38.4,59.5,46.3,41.9,62.6,55,60,96.0,38.0
8,Argentina,2022,,5.26987967384072,-0.0985943302512169,50.1,35.1,45.1,57.9,73.3,53.0,16.8,55.1,51.0,37.9,60.6,55,60,94.0,38.0
9,Argentina,2023,,-1.61100162090189,-0.127517908811569,51.0,34.6,56.8,42.8,66.9,53.9,33.6,55.5,55.1,36.5,61.2,55,60,98.0,37.0
10,Bolivia,2014,5.89613628,5.46056957461593,-0.333112090826035,48.4,10.0,28.1,,87.1,62.5,,53.4,29.9,70.0,77.6,15,50,103.0,35.0
11,Bolivia,2015,6.55064964,4.85718723245387,-0.270498692989349,46.8,10.0,34.0,,86.8,60.9,,53.7,25.5,69.7,77.6,10,40,99.0,34.0
12,Bolivia,2016,6.83333063,4.26392083754456,-0.25367596745491,47.4,10.0,35.0,,86.4,55.5,,58.8,31.7,65.0,76.6,15,40,113.0,33.0
13,Bolivia,2017,6.4901948,4.1952063010676,-0.280110895633698,47.7,25.7,32.6,15.4,86.1,49.1,81.4,58.9,35.8,66.4,76.0,5,40,112.0,33.0
14,Bolivia,2018,6.60399437,4.22362351118875,-0.286620706319809,44.1,19.0,23.1,11.4,85.7,46.5,46.8,59.2,49.2,67.5,75.5,5,40,132.0,29.0
15,Bolivia,2019,6.88792992,2.21670577750359,-0.728340268135071,42.3,20.5,19.7,12.3,82.4,49.3,17.6,58.8,52.9,68.8,70.4,15,40,123.0,31.0
16,Bolivia,2020,8.0225811,-8.73788443399127,-0.453467190265656,42.8,20.1,23.1,11.2,86.3,54.2,14.2,58.3,52.9,69.9,67.8,15,40,124.0,31.0
17,Bolivia,2021,8.15972805,6.11137275205746,-0.278774261474609,42.7,18.7,25.9,11.0,85.3,58.4,13.4,58.4,53.4,71.0,61.6,15,40,128.0,30.0
18,Bolivia,2022,,3.60568038279472,-0.191908553242683,43.0,14.1,28.7,28.4,86.0,58.8,10.9,54.7,46.2,72.8,60.8,15,40,126.0,31.0
19,Bolivia,2023,,3.08196524087036,-0.313183635473251,43.4,21.1,28.4,27.7,87.1,60.8,7.0,55.1,44.9,74.0,60.0,15,40,133.0,29.0
20,Brazil,2014,8.39644146,0.503955740242247,-0.070290133357048,56.9,50.0,37.9,,68.8,54.1,,53.8,49.8,69.9,69.3,55,60,69.0,43.0
21,Brazil,2015,8.90929985,-3.54576339269426,-0.331864446401596,56.6,50.0,42.0,,68.4,50.9,,53.6,52.1,69.4,69.6,50,60,76.0,38.0
22,Brazil,2016,9.16901493,-3.27591690782192,-0.381035059690475,56.5,45.0,43.0,,69.7,55.2,,61.4,52.5,64.2,69.4,55,50,79.0,40.0
23,Brazil,2017,9.47124863,1.32286905404399,-0.479947566986084,52.9,55.0,33.4,49.7,70.1,53.1,22.8,61.3,52.3,67.0,69.4,50,50,96.0,37.0
24,Brazil,2018,9.46475029,1.783666761634,-0.459598511457443,51.4,55.8,31.4,55.5,70.6,50.7,7.7,58.6,46.8,71.4,68.5,50,50,105.0,35.0
25,Brazil,2019,9.61449146,1.22077782360842,-0.714224636554718,51.9,57.3,28.1,51.7,70.5,55.2,5.9,57.9,51.9,75.5,69.0,50,50,106.0,35.0
26,Brazil,2020,10.18235016,-3.2767587964736,-0.44689092040062,53.7,57.3,45.6,46.7,70.4,54.6,4.6,60.5,49.5,77.2,67.8,60,50,94.0,38.0
27,Brazil,2021,9.89072323,4.76260437908609,-0.419879764318466,53.4,55.0,47.5,45.5,70.1,56.5,5.3,58.0,50.7,77.8,64.6,60,50,96.0,38.0
28,Brazil,2022,,3.01669435393015,-0.395036935806274,53.3,50.3,40.0,57.2,69.9,53.8,0.4,63.2,55.9,78.4,60.0,60,50,94.0,38.0
29,Brazil,2023,,2.90848048667777,-0.408567786216736,53.5,49.7,55.3,39.1,70.9,55.0,2.7,63.6,57.0,73.7,65.0,60,50,104.0,36.0
30,Chile,2014,7.84150124,1.79264947361806,0.447516918182373,78.7,90.0,72.3,,76.5,83.8,,69.3,69.3,84.1,82.0,90,70,21.0,73.0
31,Chile,2015,8.3513937,2.15194249853634,0.424871742725372,78.5,90.0,71.0,,76.5,83.3,,69.3,67.0,85.6,82.0,90,70,23.0,70.0
32,Chile,2016,8.55767059,1.75303874553305,0.402406215667725,77.7,85.0,73.0,,74.8,83.1,,72.1,64.3,82.9,86.4,85,70,24.0,66.0
33,Chile,2017,9.090518,1.35769537797211,0.406281590461731,76.5,68.2,70.5,63.7,77.6,82.2,96.1,72.3,64.3,82.2,86.4,85,70,26.0,67.0
34,Chile,2018,9.22575188,3.99002947521676,0.412769764661789,75.2,67.9,61.2,63.4,78.0,81.3,91.7,72.4,60.4,82.4,88.7,85,70,27.0,67.0
35,Chile,2019,9.36262131,0.634367533828439,-0.0161215793341398,75.4,68.7,62.3,56.3,77.3,81.0,89.0,76.6,65.0,84.5,88.8,85,70,26.0,67.0
36,Chile,2020,9.72726822,-6.14347479224092,0.0440445058047771,76.8,69.9,73.4,61.1,76.4,80.8,90.5,75.0,64.7,85.2,89.0,85,70,25.0,67.0
37,Chile,2021,9.34327984,11.3339570691911,0.161427184939384,75.2,70.2,74.5,68.4,72.3,80.4,90.4,75.1,62.5,85.5,83.0,70,70,27.0,67.0
38,Chile,2022,9.00162983,2.05874008095333,0.13208432495594,74.4,73.0,71.4,91.4,72.4,78.1,75.3,76.2,58.0,79.4,78.0,70,70,27.0,67.0
39,Chile,2023,,0.218780666901552,0.13615994155407,71.1,72.3,88.7,71.8,73.0,73.5,43.8,75.7,59.4,77.4,78.0,70,70,29.0,66.0
40,Colombia,2014,7.18553209,4.49903000110972,-1.11459410190582,70.7,50.0,33.2,,80.6,74.9,,85.2,80.5,78.8,78.8,75,70,94.0,37.0
41,Colombia,2015,7.52338552,2.95590137527523,-1.0726637840271,71.7,50.0,36.0,,80.3,76.0,,81.5,81.7,80.1,81.2,80,70,83.0,37.0
42,Colombia,2016,7.53117037,2.08738250162794,-0.887163996696472,70.8,50.0,37.0,,80.1,74.4,,78.2,77.6,79.6,81.0,80,70,90.0,37.0
43,Colombia,2017,7.67864323,1.35936086788746,-0.779457807540894,69.7,63.8,39.6,25.2,80.1,74.2,89.8,77.1,77.9,77.0,81.6,80,70,96.0,37.0
44,Colombia,2018,7.62541437,2.56432428277704,-0.806941986083984,68.9,60.7,33.4,36.4,80.3,74.4,82.2,78.6,75.2,73.9,81.6,80,70,99.0,36.0
45,Colombia,2019,7.77954912,3.18685539245533,-0.979486107826233,67.3,59.2,33.5,34.3,74.3,75.0,79.2,71.4,78.5,75.6,76.0,80,70,96.0,37.0
46,Colombia,2020,8.71432114,-7.18591413760859,-0.701150059700012,69.2,61.1,46.1,32.8,70.4,77.0,85.5,71.3,78.0,77.5,81.2,80,70,92.0,39.0
47,Colombia,2021,9.01772404,10.8011981904878,-0.954574346542358,68.1,59.8,49.7,36.4,69.7,69.3,78.9,71.0,77.7,78.1,77.0,80,70,87.0,39.0
48,Colombia,2022,,7.2888838865514,-0.62995833158493,65.1,50.9,42.0,59.1,71.3,66.0,56.7,68.8,60.7,79.3,76.4,80,70,91.0,39.0
49,Colombia,2023,,0.610409565791542,-0.717313230037689,63.1,44.9,58.7,41.4,69.0,66.0,38.5,72.2,61.7,78.6,75.8,80,70,87.0,40.0
50,Ecuador,2014,6.83199883,4.22606520388456,-0.0185332093387842,48.0,20.0,26.0,,79.8,41.8,,52.8,52.0,66.1,71.8,30,40,110.0,33.0
51,Ecuador,2015,7.60513353,0.119692109287612,-0.147344976663589,49.2,15.0,35.0,,79.1,51.0,,51.4,51.3,68.2,71.4,30,40,107.0,32.0
52,Ecuador,2016,7.41604376,-0.687954245877947,-0.0917104333639145,48.6,15.0,33.0,,79.2,41.8,,55.5,51.6,68.1,71.4,30,40,120.0,31.0
53,Ecuador,2017,7.53717899,5.97039880954841,-0.0789320766925812,49.3,38.7,33.9,22.3,79.1,46.1,56.4,55.4,47.3,67.7,69.7,35,40,117.0,32.0
54,Ecuador,2018,7.82609653,1.044295546927,-0.0947211682796478,48.5,36.7,30.2,23.3,79.4,52.5,47.0,55.6,43.7,70.1,68.8,35,40,114.0,34.0
55,Ecuador,2019,7.77070522,0.165403532646693,-0.238217756152153,46.9,35.9,25.3,20.2,77.0,55.5,32.1,54.1,48.2,73.5,66.4,35,40,93.0,38.0
56,Ecuador,2020,8.35889626,-9.24509637743429,-0.270243227481842,51.3,40.4,33.4,20.7,77.5,57.9,62.3,53.8,48.0,81.0,66.0,35,40,92.0,39.0
57,Ecuador,2021,8.28661728,9.81841774841701,-0.25738736987114,52.4,39.5,38.5,24.7,77.1,58.5,75.9,50.4,47.9,81.7,59.8,35,40,105.0,36.0
58,Ecuador,2022,,6.18613907258741,-0.37122431397438,54.3,31.4,37.2,47.3,77.5,59.7,63.1,60.3,57.3,81.5,61.0,35,40,101.0,36.0
59,Ecuador,2023,,2.35521790742197,-0.338139981031418,55.0,31.6,46.9,36.5,74.8,60.3,66.4,64.0,56.5,82.2,65.6,35,40,115.0,34.0
60,Paraguay,2014,6.62719059,5.30123859237025,-0.0886275097727776,62.0,30.0,20.5,,96.2,89.0,,58.0,28.9,80.9,81.1,75,60,150.0,24.0
61,Paraguay,2015,6.69165802,2.95715173487106,0.0352126285433769,61.1,30.0,24.0,,96.0,81.9,,58.4,26.3,78.3,81.4,75,60,130.0,27.0
62,Paraguay,2016,6.67556572,4.26802583314583,0.13447080552578,61.5,30.0,24.0,,96.3,83.3,,62.6,30.4,76.8,76.2,75,60,123.0,30.0
63,Paraguay,2017,6.60902548,4.81007885554041,-0.0028554622549563,62.4,38.2,32.6,23.3,96.2,83.0,95.1,62.4,28.5,78.3,76.6,75,60,135.0,29.0
64,Paraguay,2018,6.74497652,3.20425034076639,-0.0867110788822174,62.1,38.3,28.3,28.2,96.1,82.2,97.1,62.2,29.9,72.4,76.1,75,60,132.0,29.0
65,Paraguay,2019,7.16081905,-0.40185510068001,-0.0180127751082182,61.8,39.5,25.5,30.0,96.3,78.9,96.3,61.5,29.2,72.8,76.6,75,60,137.0,28.0
66,Paraguay,2020,7.67533064,-0.819785390971916,0.0167177673429251,63.0,44.7,29.6,26.4,96.1,88.6,98.0,60.9,29.0,72.5,75.4,75,60,137.0,28.0
67,Paraguay,2021,8.03277016,4.01673731780312,-0.0009379322873428,62.6,41.6,32.2,26.0,96.2,86.7,91.6,59.6,31.8,73.8,76.4,75,60,128.0,30.0
68,Paraguay,2022,,0.176038366132886,0.0355493128299713,62.9,45.5,29.5,37.9,96.1,84.0,68.8,65.4,39.4,75.6,77.0,75,60,137.0,28.0
69,Paraguay,2023,,4.71412407945468,0.0820416286587715,61.0,46.8,37.9,30.1,96.2,81.7,45.4,69.5,39.5,72.6,77.2,75,60,136.0,28.0
70,Peru,2014,4.96445227,2.38215737180541,-0.550656914710999,67.4,40.0,34.0,,79.1,89.1,,70.6,61.4,83.3,87.0,70,60,85.0,38.0
71,Peru,2015,4.96122217,3.25224477218451,-0.398910075426102,67.7,40.0,38.0,,78.6,88.5,,67.7,63.4,83.9,87.0,70,60,88.0,36.0
72,Peru,2016,4.95967245,3.95331871520767,-0.207934841513634,67.4,40.0,38.0,,78.5,86.1,,67.8,62.9,83.7,87.0,70,60,101.0,35.0
73,Peru,2017,4.8808279,2.51883544233135,-0.2635098695755,68.9,58.3,38.8,28.2,80.3,85.1,98.4,69.4,62.8,83.3,87.1,75,60,96.0,37.0
74,Peru,2018,5.15967131,3.969351341365,-0.276880770921707,68.7,56.9,36.6,33.5,80.6,85.6,94.7,69.2,62.4,83.1,87.1,75,60,105.0,35.0
75,Peru,2019,5.17916393,2.24063176875049,-0.163622617721558,67.8,56.1,31.8,34.0,80.6,86.1,88.5,67.8,63.5,83.9,86.4,75,60,101.0,36.0
76,Peru,2020,6.28521156,-10.9333065010382,-0.35772293806076,67.9,54.9,33.5,30.6,80.8,86.4,89.0,67.1,62.9,86.3,88.4,75,60,94.0,38.0
77,Peru,2021,6.15173197,13.3552295093079,-0.355252951383591,67.7,53.3,36.3,28.2,79.4,86.4,91.5,66.2,63.2,86.1,86.4,75,60,105.0,36.0
78,Peru,2022,,2.72550021563363,-0.487095445394516,66.5,49.7,39.7,49.7,79.5,84.2,73.1,65.3,59.6,81.4,81.4,75,60,101.0,36.0
79,Peru,2023,,-0.55018230632048,-0.52178555727005,66.5,51.4,48.2,38.5,80.0,83.3,70.8,72.8,58.3,78.5,81.2,75,60,121.0,33.0
80,Suriname,2014,4.52127838,0.255503031645475,0.249270841479301,54.2,40.0,32.9,,69.0,78.3,,41.8,81.8,71.8,66.2,30,30,100.0,36.0
81,Suriname,2015,5.80808163,-3.41304268067621,0.249509304761887,54.2,35.0,36.0,,69.3,73.8,,42.2,81.9,77.2,66.2,30,30,88.0,36.0
82,Suriname,2016,5.99283743,-4.91166050905851,0.152817890048027,53.8,30.0,36.0,,69.4,70.3,,48.8,76.3,78.7,68.4,30,30,64.0,45.0
83,Suriname,2017,5.32285929,1.56603782534897,0.11980140209198,48.0,45.1,31.7,15.4,70.1,69.6,16.2,48.6,76.1,75.1,68.4,30,30,77.0,41.0
84,Suriname,2018,6.68795872,4.94827108468886,0.0582661032676697,48.1,39.7,39.9,21.4,71.4,76.4,11.7,48.3,73.5,50.5,74.8,40,30,73.0,43.0
85,Suriname,2019,8.70230103,1.16758977233877,0.0876805111765862,48.1,49.1,35.5,22.2,70.9,77.2,9.6,48.3,73.5,56.0,64.6,40,30,70.0,44.0
86,Suriname,2020,6.84054422,-15.9751917148622,0.418843954801559,49.5,45.6,36.9,19.5,70.5,74.8,10.3,48.2,71.9,76.1,69.8,40,30,94.0,38.0
87,Suriname,2021,5.6838975,-2.43538583612838,0.348392158746719,46.4,45.5,38.5,15.4,70.0,68.2,7.8,45.8,61.9,73.7,60.2,40,30,87.0,39.0
88,Suriname,2022,,2.40622235601218,0.399689197540283,48.1,51.2,37.6,45.8,70.2,66.6,0.0,52.7,64.2,58.4,60.6,40,30,85.0,40.0
89,Suriname,2023,,2.53956675446825,0.412738472223282,46.1,41.9,46.2,38.6,70.8,61.4,0.0,52.8,64.4,46.0,60.6,40,30,87.0,40.0
90,Uruguay,2014,8.07319641,3.23879122952364,0.99187958240509,69.3,70.0,70.6,,77.4,68.0,,74.5,68.1,72.1,82.5,80,30,21.0,73.0
91,Uruguay,2015,8.29225731,0.370741257681345,0.994889318943024,68.6,70.0,73.0,,77.1,65.1,,72.6,64.3,71.6,81.8,80,30,21.0,74.0
92,Uruguay,2016,8.67535782,1.6897981652001,1.04852175712585,68.8,70.0,73.0,,77.2,67.6,,75.3,62.5,71.3,80.6,80,30,21.0,71.0
93,Uruguay,2017,8.82179642,1.74037648675632,1.04009222984314,69.7,70.2,70.3,66.8,77.5,69.4,77.2,74.8,62.9,71.3,80.6,85,30,23.0,70.0
94,Uruguay,2018,9.01452351,0.164777659980814,1.02414608001709,69.2,69.3,71.6,67.0,78.0,68.6,71.1,74.4,64.4,70.7,80.4,85,30,23.0,70.0
95,Uruguay,2019,9.39027691,0.928351033363754,1.02829706668854,68.6,68.3,69.2,58.9,77.2,67.5,69.9,74.3,71.9,72.9,78.6,85,30,21.0,71.0
96,Uruguay,2020,9.13688469,-7.38014184479323,1.05496430397034,69.1,72.0,73.5,59.8,75.2,66.5,72.3,73.6,71.0,72.7,77.4,85,30,21.0,71.0
97,Uruguay,2021,9.3592062,5.56189279343275,1.04597175121307,69.3,68.1,75.7,66.8,72.6,66.9,80.5,72.3,70.5,72.5,70.8,85,30,18.0,73.0
98,Uruguay,2022,,4.70725761465232,1.08582961559296,70.0,84.0,75.2,80.4,72.4,70.2,75.2,75.7,60.3,70.9,70.4,75,30,14.0,74.0
99,Uruguay,2023,,0.3674751756175,0.964887142181396,70.2,84.3,80.6,77.3,73.7,70.1,73.3,80.1,60.8,71.8,70.8,70,30,16.0,73.0
